Facies;Formation;Well Name;Depth;GR;ILD_log10;DeltaPHI;PHIND;PE;NM_M;RELPOS
2;A1 SH;NOLAN;2853.5;106.813;0.533;9.339;15.222;3.5;1;1
3;A1 SH;NOLAN;2854;100.938;0.542;8.857;15.313;3.416;1;0.977
3;A1 SH;NOLAN;2854.5;94.375;0.553;7.097;14.583;3.195;1;0.955
3;A1 SH;NOLAN;2855;89.813;0.554;7.081;14.11;2.963;1;0.932
3;A1 SH;NOLAN;2855.5;91.563;0.56;6.733;13.189;2.979;1;0.909
3;A1 SH;NOLAN;2856;87.188;0.567;6.578;12.806;3.16;1;0.886
3;A1 SH;NOLAN;2856.5;84.188;0.569;5.569;12.253;3.223;1;0.864
3;A1 SH;NOLAN;2857;84.625;0.567;4.861;12.229;3.361;1;0.841
3;A1 SH;NOLAN;2857.5;90.313;0.581;5.634;13.458;3.395;1;0.818
3;A1 SH;NOLAN;2858;91.563;0.578;6.443;17.922;3.076;1;0.795
3;A1 SH;NOLAN;2858.5;85.625;0.56;6.897;19.177;3.135;1;0.773
3;A1 SH;NOLAN;2859;74.188;0.533;4.634;17.827;3.002;1;0.75
3;A1 SH;NOLAN;2859.5;65.875;0.499;3.571;13.226;3.16;1;0.727
3;A1 SH;NOLAN;2860;63.625;0.467;2.563;13.013;2.773;1;0.705
3;A1 SH;NOLAN;2860.5;65.375;0.46;3.922;13.46;2.541;1;0.682
2;A1 SH;NOLAN;2861;65.813;0.453;3.145;14.97;2.512;1;0.659
2;A1 SH;NOLAN;2861.5;64.5;0.441;3.31;15.245;2.666;1;0.636
2;A1 SH;NOLAN;2862;65.313;0.426;2.439;14.602;2.807;1;0.614
2;A1 SH;NOLAN;2862.5;67.063;0.415;2.877;14.017;2.941;1;0.591
2;A1 SH;NOLAN;2863;70.25;0.401;2.333;13.585;2.981;1;0.568
2;A1 SH;NOLAN;2863.5;72.125;0.383;1.926;13.406;3.078;1;0.545
2;A1 SH;NOLAN;2864;79.563;0.357;2.152;14.205;3.17;1;0.523
2;A1 SH;NOLAN;2864.5;80.563;0.332;3.078;16.844;3.107;1;0.5
2;A1 SH;NOLAN;2865;75.813;0.31;5.733;18.242;3.012;1;0.477
2;A1 SH;NOLAN;2865.5;65.625;0.295;6.937;19.674;3.014;1;0.455
2;A1 SH;NOLAN;2866;57.25;0.293;7.76;19.584;2.971;1;0.432
2;A1 SH;NOLAN;2866.5;59.625;0.292;6.294;19.487;2.947;1;0.409
2;A1 SH;NOLAN;2867;62;0.293;5.391;18.584;2.787;1;0.386
2;A1 SH;NOLAN;2867.5;68.438;0.307;4.007;17.428;2.807;1;0.364
2;A1 SH;NOLAN;2868;71.063;0.333;3.218;16.411;2.838;1;0.341
2;A1 SH;NOLAN;2868.5;71.188;0.371;2.909;14.962;2.844;1;0.318
2;A1 SH;NOLAN;2869;70.938;0.419;2.838;13.177;2.76;1;0.295
2;A1 SH;NOLAN;2869.5;66.813;0.463;2.855;12.282;2.58;1;0.273
2;A1 SH;NOLAN;2870;69.875;0.493;2.702;11.556;2.703;1;0.25
2;A1 SH;NOLAN;2870.5;73.188;0.5;3.026;11.769;2.795;1;0.227
2;A1 SH;NOLAN;2871;81;0.486;3.352;12.322;2.938;1;0.205
2;A1 SH;NOLAN;2871.5;82.188;0.457;3.945;13.144;2.691;1;0.182
2;A1 SH;NOLAN;2872;82.063;0.421;5.444;15.21;2.654;1;0.159
2;A1 SH;NOLAN;2872.5;77.375;0.38;6.592;16.358;2.75;1;0.136
3;A1 SH;NOLAN;2873;74.75;0.341;6.672;16.326;2.891;1;0.114
5;A1 SH;NOLAN;2873.5;73.688;0.31;6.614;17.409;2.922;1;0.091
5;A1 SH;NOLAN;2874;76.25;0.295;7.123;19.977;2.981;1;0.068
2;A1 SH;NOLAN;2874.5;73.938;0.301;10.693;21.143;3.065;1;0.045
3;A1 SH;NOLAN;2875;75.5;0.323;8.346;20.17;3.133;1;0.023
5;A1 LM;NOLAN;2875.5;77.938;0.35;5.703;16.27;3.32;2;1
5;A1 LM;NOLAN;2876;85.75;0.384;1.07;13.579;3.662;2;0.983
5;A1 LM;NOLAN;2876.5;81.875;0.438;0.969;9.822;4.394;2;0.966
8;A1 LM;NOLAN;2877;75.125;0.518;1.062;7.629;4.562;2;0.948
8;A1 LM;NOLAN;2877.5;73.375;0.614;0.67;6.898;4.894;2;0.931
8;A1 LM;NOLAN;2878;79.938;0.696;0.442;6.442;5.121;2;0.914
8;A1 LM;NOLAN;2878.5;89.5;0.749;0.54;6.54;5.098;2;0.897
6;A1 LM;NOLAN;2879;85.813;0.767;1.25;6.905;5.008;2;0.879
6;A1 LM;NOLAN;2879.5;75.563;0.751;2.104;7.075;4.695;2;0.862
5;A1 LM;NOLAN;2880;60.156;0.724;2.47;8.125;4.359;2;0.845
5;A1 LM;NOLAN;2880.5;55.938;0.703;2.639;9.324;3.91;2;0.828
6;A1 LM;NOLAN;2881;55.063;0.685;2.932;10.984;3.461;2;0.81
4;A1 LM;NOLAN;2881.5;58.844;0.658;4.265;11.75;3.434;2;0.793
4;A1 LM;NOLAN;2882;55.906;0.622;4.477;11.734;3.473;2;0.776
4;A1 LM;NOLAN;2882.5;54.781;0.576;3.558;11.383;3.412;2;0.759
4;A1 LM;NOLAN;2883;56.375;0.53;2.147;10.89;3.527;2;0.741
6;A1 LM;NOLAN;2883.5;65.125;0.498;2.587;11.329;3.424;2;0.724
6;A1 LM;NOLAN;2884;67.813;0.487;5.048;12.872;3.441;2;0.707
4;A1 LM;NOLAN;2884.5;64.938;0.495;7.595;14.28;3.201;2;0.69
7;A1 LM;NOLAN;2885;58.5;0.511;9.249;16.044;3.19;2;0.672
7;A1 LM;NOLAN;2885.5;61.313;0.523;8.082;15.111;3.244;2;0.655
7;A1 LM;NOLAN;2886;80.563;0.529;6.129;13.842;3.67;2;0.638
7;A1 LM;NOLAN;2886.5;104.438;0.54;4.233;11.49;4.227;2;0.621
8;A1 LM;NOLAN;2887;116.5;0.566;2.686;11.084;4.742;2;0.603
8;A1 LM;NOLAN;2887.5;110.875;0.612;1.667;10.638;4.867;2;0.586
8;A1 LM;NOLAN;2888;109.313;0.664;0.755;10.866;4.891;2;0.569
8;A1 LM;NOLAN;2888.5;108.313;0.704;0.975;10.402;5.223;2;0.552
6;A1 LM;NOLAN;2889;111.688;0.727;1.09;10.628;5.059;2;0.534
6;A1 LM;NOLAN;2889.5;100.063;0.733;1.139;9.993;5.258;2;0.517
6;A1 LM;NOLAN;2890;100.063;0.733;1.139;9.993;5.258;2;0.517
8;A1 LM;NOLAN;2890.5;95;0.73;1.311;9.48;5.246;2;0.5
8;A1 LM;NOLAN;2891;80.563;0.72;1.565;8.933;5.488;2;0.483
6;A1 LM;NOLAN;2891.5;63.031;0.7;1.23;8.487;5.863;2;0.466
6;A1 LM;NOLAN;2892;43.813;0.667;0.702;8.527;5.715;2;0.448
8;A1 LM;NOLAN;2892.5;33.625;0.628;0.043;8.551;5.848;2;0.431
8;A1 LM;NOLAN;2893;29.656;0.591;0.472;9.098;5.187;2;0.414
6;A1 LM;NOLAN;2893.5;26.719;0.559;0.413;10.524;5.047;2;0.397
6;A1 LM;NOLAN;2894;22.641;0.531;1.692;11.687;4.75;2;0.379
8;A1 LM;NOLAN;2894.5;20.953;0.5;1.298;12.667;4.797;2;0.362
8;A1 LM;NOLAN;2895;22.562;0.47;0.924;12.748;4.852;2;0.345
8;A1 LM;NOLAN;2895.5;24.406;0.441;-0.136;12.49;4.914;2;0.328
8;A1 LM;NOLAN;2896;24.875;0.418;0.299;12.006;5.07;2;0.31
8;A1 LM;NOLAN;2896.5;25.078;0.407;0.616;11.64;4.996;2;0.293
8;A1 LM;NOLAN;2897;24.422;0.408;0.018;12.872;4.785;2;0.276
8;A1 LM;NOLAN;2897.5;27.781;0.415;-0.731;13.719;4.699;2;0.259
8;A1 LM;NOLAN;2898;29.734;0.429;-0.414;14.037;4.914;2;0.241
8;A1 LM;NOLAN;2898.5;39.656;0.446;0.486;12.649;4.953;2;0.224
8;A1 LM;NOLAN;2899;48.75;0.462;1.505;11.727;4.492;2;0.207
8;A1 LM;NOLAN;2899.5;52.406;0.486;1.367;11.133;3.815;2;0.19
6;A1 LM;NOLAN;2900;50.188;0.522;1.325;10.98;3.693;2;0.172
5;A1 LM;NOLAN;2900.5;54.906;0.567;1.359;10.213;3.58;2;0.155
8;A1 LM;NOLAN;2901;68.063;0.625;2.214;9.7;3.863;2;0.138
6;A1 LM;NOLAN;2901.5;79.813;0.702;3.406;9.289;3.871;2;0.121
4;A1 LM;NOLAN;2902;88.5;0.764;5.345;9.743;4.004;2;0.103
4;A1 LM;NOLAN;2902.5;85.188;0.799;5.84;10.127;3.775;2;0.086
4;A1 LM;NOLAN;2903;74.188;0.795;4.279;8.905;4.148;2;0.069
4;A1 LM;NOLAN;2903.5;74.188;0.795;4.279;8.905;4.148;2;0.069
5;A1 LM;NOLAN;2904;55.406;0.739;2.334;6.504;4.258;2;0.052
6;A1 LM;NOLAN;2904.5;47.875;0.676;0.446;4.388;4.797;2;0.034
8;A1 LM;NOLAN;2905;58.219;0.667;1.984;5.926;4.113;2;0.017
8;A1 LM;NOLAN;2905.5;79.25;0.671;1.088;17.369;3.49;1;1
3;B1 SH;NOLAN;2906;93.125;0.664;0;27.246;3.057;1;0.971
3;B1 SH;NOLAN;2906.5;94.25;0.649;1.395;27.267;2.682;1;0.941
3;B1 SH;NOLAN;2907;84.875;0.612;0.808;20.627;3.076;1;0.912
3;B1 SH;NOLAN;2907.5;77.125;0.568;2.991;14.587;3.299;1;0.882
3;B1 SH;NOLAN;2908;70.563;0.568;4.263;13.462;3.611;1;0.853
3;B1 SH;NOLAN;2908.5;61.813;0.581;5.689;12.719;3.256;1;0.824
2;B1 SH;NOLAN;2909;62.188;0.581;5.641;12.67;3.354;1;0.794
2;B1 SH;NOLAN;2909.5;62.563;0.569;5.791;11.446;3.25;1;0.765
2;B1 SH;NOLAN;2910;74.5;0.555;5.529;11.073;3.342;1;0.735
2;B1 SH;NOLAN;2910.5;84.625;0.533;5.446;13.499;3.15;1;0.706
3;B1 SH;NOLAN;2911;94.25;0.525;4.813;17.55;3.029;1;0.676
3;B1 SH;NOLAN;2911.5;101;0.531;6.429;21.452;2.844;1;0.647
3;B1 SH;NOLAN;2912;97.75;0.54;5.759;23.636;2.75;1;0.618
3;B1 SH;NOLAN;2912.5;90.063;0.551;5.239;21.519;2.699;1;0.588
2;B1 SH;NOLAN;2913;79.625;0.573;3.499;17.839;2.885;1;0.559
2;B1 SH;NOLAN;2913.5;73.813;0.601;4.323;12.376;3.262;1;0.529
2;B1 SH;NOLAN;2914;77.438;0.636;4.629;9.483;3.418;1;0.5
2;B1 SH;NOLAN;2914.5;72.625;0.681;3.464;7.522;3.373;1;0.471
2;B1 SH;NOLAN;2915;69.813;0.716;2.422;7.393;3.232;1;0.441
2;B1 SH;NOLAN;2915.5;65.438;0.728;1.631;7.403;3.231;1;0.412
2;B1 SH;NOLAN;2916;65.875;0.719;1.158;7.386;3.356;1;0.382
2;B1 SH;NOLAN;2916.5;67.25;0.693;0.916;7.483;3.398;1;0.353
2;B1 SH;NOLAN;2917;67.875;0.662;0.58;8.404;3.348;1;0.324
2;B1 SH;NOLAN;2917.5;75;0.623;0.896;8.381;3.348;1;0.294
2;B1 SH;NOLAN;2918;80.938;0.578;1.247;9.3;3.457;1;0.265
2;B1 SH;NOLAN;2918.5;86.75;0.55;2.513;11.256;3.223;1;0.235
2;B1 SH;NOLAN;2919;92.125;0.528;1.859;15.28;2.879;1;0.206
2;B1 SH;NOLAN;2919.5;95;0.504;2.565;16.331;2.732;1;0.176
2;B1 SH;NOLAN;2920;98.625;0.498;2.98;17.43;3.008;1;0.147
2;B1 SH;NOLAN;2920.5;97.5;0.518;6.042;19.691;3.213;1;0.118
3;B1 SH;NOLAN;2921;92.813;0.528;5.913;24.702;2.959;1;0.088
3;B1 SH;NOLAN;2921.5;72.375;0.551;5.425;24.214;2.805;1;0.059
8;B1 LM;NOLAN;2922;48.281;0.596;3.01;19.402;2.906;1;0.029
8;B1 LM;NOLAN;2922.5;27.25;0.631;2.861;13.545;3.561;2;1
8;B1 LM;NOLAN;2923;19.875;0.675;2.844;9.412;3.807;2;0.95
8;B1 LM;NOLAN;2923.5;16.906;0.766;2.21;7.409;3.805;2;0.9
8;B1 LM;NOLAN;2924;18.391;0.845;1.437;6.18;4.094;2;0.85
6;B1 LM;NOLAN;2924.5;21.719;0.905;1.495;5.097;4.418;2;0.8
6;B1 LM;NOLAN;2925;25.75;0.961;1.218;4.592;4.758;2;0.75
8;B1 LM;NOLAN;2925.5;26.438;0.992;1.619;4.192;5.156;2;0.7
8;B1 LM;NOLAN;2926;28.031;0.971;1.547;4.459;5.051;2;0.65
8;B1 LM;NOLAN;2926.5;28.875;0.944;0.892;4.723;5.047;2;0.6
8;B1 LM;NOLAN;2927;33.031;0.928;0.322;5.977;4.406;2;0.55
8;B1 LM;NOLAN;2927.5;34.469;0.919;1.558;6.645;3.904;2;0.5
5;B1 LM;NOLAN;2928;36.875;0.92;2.585;6.643;3.609;2;0.45
5;B1 LM;NOLAN;2928.5;38.688;0.933;1.968;6.138;3.785;2;0.4
5;B1 LM;NOLAN;2929;42.625;0.941;0.845;5.014;4.312;2;0.35
5;B1 LM;NOLAN;2929.5;42.031;0.938;0.339;3.713;4.598;2;0.3
6;B1 LM;NOLAN;2930;37.5;0.929;0.3;2.873;4.875;2;0.25
6;B1 LM;NOLAN;2930.5;33.281;0.919;0.546;2.774;4.141;2;0.2
8;B1 LM;NOLAN;2931;38.594;0.893;0.7;3.841;3.826;2;0.15
8;B1 LM;NOLAN;2931.5;52.688;0.847;0.82;4.99;3.291;2;0.1
2;B2 SH;NOLAN;2932;63.938;0.782;1.615;6.93;3.393;2;0.05
2;B2 SH;NOLAN;2932.5;74;0.721;3.299;9.299;3.18;1;1
2;B2 SH;NOLAN;2933;79.813;0.676;4.893;12.49;3.08;1;0.955
2;B2 SH;NOLAN;2933.5;91.25;0.653;6.112;15.422;2.992;1;0.909
2;B2 SH;NOLAN;2934;98.25;0.643;5.027;15.822;3.082;1;0.864
2;B2 SH;NOLAN;2934.5;98.625;0.623;3.709;13.82;3.443;1;0.818
2;B2 SH;NOLAN;2935;86.5;0.594;2.686;10.4;3.684;1;0.773
2;B2 SH;NOLAN;2935.5;77.313;0.567;2.959;8.614;3.77;1;0.727
3;B2 SH;NOLAN;2936;71.938;0.546;4.279;8.905;3.754;1;0.682
3;B2 SH;NOLAN;2936.5;75.75;0.535;5.234;12.491;3.598;1;0.636
3;B2 SH;NOLAN;2937;83.563;0.535;6.867;17.206;3.342;1;0.591
3;B2 SH;NOLAN;2937.5;93.813;0.539;7.596;20.333;3.08;1;0.545
3;B2 SH;NOLAN;2938;99.5;0.538;7.613;18.754;3.023;1;0.5
3;B2 SH;NOLAN;2938.5;90.813;0.532;5.035;16.059;3.1;1;0.455
3;B2 SH;NOLAN;2939;79.813;0.534;4.116;13.315;3.309;1;0.409
2;B2 SH;NOLAN;2939.5;73.313;0.535;3.499;12.809;3.316;1;0.364
1;B2 SH;NOLAN;2940;67.625;0.547;3.858;10.888;3.494;1;0.318
1;B2 SH;NOLAN;2940.5;68.063;0.576;3.046;9.502;3.527;1;0.273
1;B2 SH;NOLAN;2941;67.625;0.597;2.454;8.337;3.574;1;0.227
1;B2 SH;NOLAN;2941.5;73.688;0.597;3.569;9.908;3.209;1;0.182
3;B2 SH;NOLAN;2942;79.5;0.625;2.096;20.658;2.682;1;0.136
3;B2 SH;NOLAN;2942.5;82.5;0.658;-0.258;26.186;2.498;1;0.091
3;B2 SH;NOLAN;2943;78.75;0.66;-3.639;26.344;2.648;1;0.045
3;B2 SH;NOLAN;2943.5;60.25;0.651;-5.054;17.847;4.438;2;1
8;B2 LM;NOLAN;2944;37.125;0.64;-1.233;11.731;5.324;2;0.958
8;B2 LM;NOLAN;2944.5;20.75;0.624;2.222;9.936;5.52;2;0.917
8;B2 LM;NOLAN;2945;14.414;0.657;1.528;11.411;5.152;2;0.875
8;B2 LM;NOLAN;2945.5;14.117;0.721;-0.348;12.506;5.023;2;0.833
8;B2 LM;NOLAN;2946;15.938;0.76;-0.907;10.917;4.644;2;0.792
8;B2 LM;NOLAN;2946.5;16.797;0.779;-0.693;9.19;5.152;2;0.75
8;B2 LM;NOLAN;2947;18.25;0.795;0.198;7.566;4.918;2;0.708
8;B2 LM;NOLAN;2947.5;18.813;0.799;0.198;7.566;4.918;2;0.667
8;B2 LM;NOLAN;2948;22.641;0.802;1.626;6.48;4.731;2;0.625
8;B2 LM;NOLAN;2948.5;28.969;0.808;3.541;5.541;4.059;2;0.583
8;B2 LM;NOLAN;2949;30.5;0.813;4.486;4.889;4.16;2;0.542
8;B2 LM;NOLAN;2949.5;28.75;0.816;3.868;5.067;4.394;2;0.5
8;B2 LM;NOLAN;2950;23.406;0.822;2.603;6.088;4.926;2;0.458
8;B2 LM;NOLAN;2950.5;20.359;0.828;1.714;6.685;5.144;2;0.417
8;B2 LM;NOLAN;2951;16.828;0.84;1.235;6.089;5.406;2;0.375
8;B2 LM;NOLAN;2951.5;19.484;0.854;1.365;4.739;5.324;2;0.333
6;B2 LM;NOLAN;2952;23.141;0.873;1.311;3.767;5.41;2;0.292
6;B2 LM;NOLAN;2952.5;26.719;0.898;-0.026;4.372;4.977;2;0.25
6;B2 LM;NOLAN;2953;26.688;0.907;-0.705;4.611;5.129;2;0.208
6;B2 LM;NOLAN;2953.5;25.75;0.882;-0.482;4.144;5.184;2;0.167
8;B2 LM;NOLAN;2954;32.906;0.839;0.03;3.632;5.223;2;0.125
3;B3 SH;NOLAN;2954.5;55.469;0.795;1.023;4.397;4.762;2;0.083
3;B3 SH;NOLAN;2955;81.375;0.741;2.505;6.675;4.004;2;0.042
2;B3 SH;NOLAN;2955.5;98.563;0.688;4.586;10.013;3.711;1;1
2;B3 SH;NOLAN;2956;102.375;0.643;5.74;12.424;3.527;1;0.962
2;B3 SH;NOLAN;2956.5;102.188;0.601;6.552;13.809;3.486;1;0.923
2;B3 SH;NOLAN;2957;101.25;0.577;5.038;13.663;2.959;1;0.885
2;B3 SH;NOLAN;2957.5;102.875;0.572;3.579;13.462;2.713;1;0.846
2;B3 SH;NOLAN;2958;103.25;0.572;2.959;13.643;2.947;1;0.808
2;B3 SH;NOLAN;2958.5;100.688;0.577;2.847;12.73;3.074;1;0.769
2;B3 SH;NOLAN;2959;95.063;0.59;2.977;12.404;3.424;1;0.731
2;B3 SH;NOLAN;2959.5;89;0.607;3.223;11.621;3.369;1;0.692
2;B3 SH;NOLAN;2960;89.125;0.624;2.792;11.417;3.596;1;0.654
2;B3 SH;NOLAN;2960.5;83.063;0.642;2.1;10.498;3.648;1;0.615
2;B3 SH;NOLAN;2961;76.563;0.652;1.783;10.18;3.51;1;0.577
2;B3 SH;NOLAN;2961.5;73.25;0.654;1.856;10.254;3.242;1;0.538
2;B3 SH;NOLAN;2962;79.438;0.655;2.849;11.018;3.176;1;0.5
2;B3 SH;NOLAN;2962.5;89;0.653;3.64;11.692;3.17;1;0.462
2;B3 SH;NOLAN;2963;85.5;0.641;3.638;12.036;3.131;1;0.423
2;B3 SH;NOLAN;2963.5;80.5;0.616;3.192;11.701;3.123;1;0.385
2;B3 SH;NOLAN;2964;73.375;0.584;3.028;11.425;3.065;1;0.346
2;B3 SH;NOLAN;2964.5;74.75;0.546;3.842;11.783;2.984;1;0.308
2;B3 SH;NOLAN;2965;69.063;0.513;4.388;12.897;2.895;1;0.269
2;B3 SH;NOLAN;2965.5;68.375;0.489;5.143;13.997;2.889;1;0.231
2;B3 SH;NOLAN;2966;68.313;0.473;4.295;14.406;3.09;1;0.192
2;B3 SH;NOLAN;2966.5;76.813;0.462;5.523;17.231;3.201;1;0.154
2;B3 SH;NOLAN;2967;89.875;0.467;6.978;20.171;3.08;1;0.115
3;B3 SH;NOLAN;2967.5;92.75;0.471;8.101;20.61;3.143;1;0.077
3;B3 SH;NOLAN;2968;84.875;0.467;5.888;17.256;3.512;1;0.038
5;B3 LM;NOLAN;2968.5;58.375;0.462;3.841;13.151;4.285;2;1
5;B3 LM;NOLAN;2969;37.969;0.467;3.483;12.337;4.543;2;0.917
8;B3 LM;NOLAN;2969.5;21.266;0.48;3.206;13.2;4.551;2;0.833
8;B3 LM;NOLAN;2970;17.641;0.513;1.941;14.221;4.719;2;0.75
8;B3 LM;NOLAN;2970.5;15.586;0.548;1.257;13.538;4.656;2;0.667
8;B3 LM;NOLAN;2971;15;0.574;1.316;12.112;4.336;2;0.583
8;B3 LM;NOLAN;2971.5;13.617;0.596;1.367;11.133;4.441;2;0.5
8;B3 LM;NOLAN;2972;16.25;0.624;0.521;9.831;4.547;2;0.417
8;B3 LM;NOLAN;2972.5;18.781;0.626;-0.205;8.994;4.711;2;0.333
8;B3 LM;NOLAN;2973;23.219;0.602;-0.073;7.641;4.582;2;0.25
8;B3 LM;NOLAN;2973.5;28.328;0.565;2.51;8.281;3.936;2;0.167
8;B3 LM;NOLAN;2974;45.063;0.533;4.381;11.293;3.328;2;0.083
2;B4 SH;NOLAN;2974.5;65.125;0.523;5.516;14.943;2.809;1;1
2;B4 SH;NOLAN;2975;83.938;0.526;3.957;16.355;2.709;1;0.958
2;B4 SH;NOLAN;2975.5;82.563;0.515;2.854;14.334;2.936;1;0.917
2;B4 SH;NOLAN;2976;75.5;0.493;1.497;11.491;3.275;1;0.875
2;B4 SH;NOLAN;2976.5;66;0.473;1.604;9.773;3.52;1;0.833
2;B4 SH;NOLAN;2977;67.313;0.473;1.75;9.236;3.4;1;0.792
2;B4 SH;NOLAN;2977.5;71.5;0.507;1.75;9.236;3.4;1;0.75
2;B4 SH;NOLAN;2978;81.25;0.564;2.996;10.481;3.316;1;0.708
2;B4 SH;NOLAN;2978.5;90.375;0.614;4.566;11.596;3.147;1;0.667
2;B4 SH;NOLAN;2979;92.813;0.646;5.413;12.898;3.184;1;0.625
2;B4 SH;NOLAN;2979.5;87.125;0.66;4.698;12.294;3.109;1;0.583
2;B4 SH;NOLAN;2980;77.563;0.658;2.914;10.856;3.238;1;0.542
2;B4 SH;NOLAN;2980.5;73.375;0.655;1.93;8.959;3.336;1;0.5
2;B4 SH;NOLAN;2981;73.438;0.663;1.241;8.036;3.371;1;0.458
2;B4 SH;NOLAN;2981.5;75.25;0.664;1.355;7.922;3.289;1;0.417
2;B4 SH;NOLAN;2982;76.938;0.651;1.622;8.534;3.127;1;0.375
2;B4 SH;NOLAN;2982.5;80.188;0.611;1.913;9.171;3.106;1;0.333
2;B4 SH;NOLAN;2983;88.5;0.564;1.97;9.456;3.275;1;0.292
2;B4 SH;NOLAN;2983.5;98.5;0.526;1.98;10.032;3.277;1;0.25
2;B4 SH;NOLAN;2984;107.125;0.519;4.313;13.167;3.26;1;0.208
2;B4 SH;NOLAN;2984.5;108.75;0.535;6.545;20.311;2.822;1;0.167
3;B4 SH;NOLAN;2985;94.563;0.549;9.423;25.587;2.816;1;0.125
5;B4 LM;NOLAN;2985.5;66.813;0.567;6.296;23.489;3.065;1;0.083
8;B4 LM;NOLAN;2986;38.781;0.588;1.993;17.245;4.199;1;0.042
8;B4 LM;NOLAN;2986.5;21.016;0.611;-0.483;11.225;5.238;2;1
8;B4 LM;NOLAN;2987;17.484;0.665;0.898;6.67;5.551;2;0.9
8;B4 LM;NOLAN;2987.5;16.234;0.753;-0.429;6.483;5.336;2;0.8
8;B4 LM;NOLAN;2988;16.672;0.832;-0.616;6.524;5.586;2;0.7
8;B4 LM;NOLAN;2988.5;20.172;0.903;1.022;6.449;4.809;2;0.6
4;B4 LM;NOLAN;2989;26.953;0.949;2.365;7.108;4.602;2;0.5
5;B4 LM;NOLAN;2989.5;37.594;0.931;2.837;7.124;4.586;2;0.4
5;B4 LM;NOLAN;2990;41.188;0.838;2.13;6.756;5.32;2;0.3
5;B4 LM;NOLAN;2990.5;43.531;0.684;1.667;5.608;5.254;2;0.2
6;B4 LM;NOLAN;2991;42.594;0.524;2.746;8.29;3.469;2;0.1
6;B4 LM;NOLAN;2991.5;54.031;0.385;3.715;15.084;2.94;1;1
3;B5 SH;NOLAN;2992;69.5;0.269;6.086;22.478;2.617;1;0.875
3;B5 SH;NOLAN;2992.5;74.625;0.182;6.257;24.017;2.855;1;0.75
3;B5 SH;NOLAN;2993;63.75;0.114;7.445;23.609;2.914;1;0.625
3;B5 SH;NOLAN;2993.5;49.469;0.056;9.376;23.827;2.998;1;0.5
3;B5 SH;NOLAN;2994;47.656;0.012;9.334;24.357;3.092;1;0.375
3;B5 SH;NOLAN;2994.5;49.375;-0.013;8.292;23.544;3.191;1;0.25
4;B5 LM;NOLAN;2995;48.031;-0.019;5.381;20.059;3.592;1;0.125
8;B5 LM;NOLAN;2995.5;43.25;-0.012;3.818;17.813;4.191;2;1
8;B5 LM;NOLAN;2996;35.844;0.014;2.117;17.024;4.93;2;0.972
8;B5 LM;NOLAN;2996.5;28.859;0.046;1.619;17.326;5.102;2;0.944
8;B5 LM;NOLAN;2997;22.609;0.077;1.674;17.955;5.156;2;0.917
8;B5 LM;NOLAN;2997.5;22.188;0.098;1.674;17.955;5.156;2;0.889
8;B5 LM;NOLAN;2998;22.266;0.102;0.886;17.962;5.254;2;0.861
8;B5 LM;NOLAN;2998.5;30.328;0.098;0.404;18.053;5.102;2;0.833
8;B5 LM;NOLAN;2999;35.313;0.1;0.103;17.524;4.805;2;0.806
8;B5 LM;NOLAN;2999.5;46.313;0.118;0.657;17.166;4.613;2;0.778
8;B5 LM;NOLAN;3000;56.594;0.152;0.772;17.392;5.074;2;0.75
8;B5 LM;NOLAN;3000.5;64.938;0.192;0.79;16.153;6.371;2;0.722
8;B5 LM;NOLAN;3001;65;0.225;1.096;13.26;8.063;2;0.694
8;B5 LM;NOLAN;3001.5;66.438;0.249;2.656;9.112;7.172;2;0.667
8;B5 LM;NOLAN;3002;80.5;0.265;4.468;7.153;6.094;2;0.639
8;B5 LM;NOLAN;3002.5;93.313;0.282;5.942;8.17;5.77;2;0.611
8;B5 LM;NOLAN;3003;103.125;0.295;5.154;11.154;5.332;2;0.583
8;B5 LM;NOLAN;3003.5;114.25;0.281;4.109;14.104;5.07;2;0.556
8;B5 LM;NOLAN;3004;131.625;0.252;2.51;15.703;5.094;2;0.528
8;B5 LM;NOLAN;3004.5;141.75;0.22;1.815;16.154;5.465;2;0.5
8;B5 LM;NOLAN;3005;129.5;0.192;1.351;15.69;5.82;2;0.472
8;B5 LM;NOLAN;3005.5;120.25;0.176;1.303;15.982;5.324;2;0.444
8;B5 LM;NOLAN;3006;106.625;0.172;2.035;16.374;5.129;2;0.417
8;B5 LM;NOLAN;3006.5;105;0.18;2.762;16.867;4.633;2;0.389
8;B5 LM;NOLAN;3007;97.438;0.194;2.51;16.387;4.77;2;0.361
8;B5 LM;NOLAN;3007.5;97.688;0.215;1.906;15.672;4.754;2;0.333
5;B5 LM;NOLAN;3008;105.875;0.243;1.906;15.672;4.754;2;0.306
5;B5 LM;NOLAN;3008.5;135.625;0.279;1.313;15.191;5.074;2;0.278
5;B5 LM;NOLAN;3009;164.25;0.323;1.41;14.264;4.984;2;0.25
5;B5 LM;NOLAN;3009.5;168.375;0.376;1.364;13.528;4.836;2;0.222
8;B5 LM;NOLAN;3010;137.875;0.434;0.981;12.349;4.977;2;0.194
8;B5 LM;NOLAN;3010.5;98.188;0.484;0.99;12.242;5.039;2;0.167
8;B5 LM;NOLAN;3011;79.188;0.519;0.655;11.796;5.141;2;0.139
6;B5 LM;NOLAN;3011.5;76.188;0.529;-0.093;10.591;4.699;2;0.111
6;B5 LM;NOLAN;3012;88.25;0.52;-0.871;9.123;4.574;2;0.083
8;B5 LM;NOLAN;3012.5;102.75;0.512;0.179;8.805;4.602;2;0.056
8;B5 LM;NOLAN;3013;107.563;0.517;3.99;11.586;4.754;2;0.028
3;C SH;NOLAN;3013.5;110.938;0.517;8.549;14.888;3.9;1;1
3;C SH;NOLAN;3014;104;0.501;9.149;16.974;3.231;1;0.974
3;C SH;NOLAN;3014.5;98.563;0.474;5.552;18.862;2.744;1;0.947
3;C SH;NOLAN;3015;91.125;0.447;3.698;17.347;2.805;1;0.921
3;C SH;NOLAN;3015.5;93.125;0.425;3.835;16.233;3.076;1;0.895
3;C SH;NOLAN;3016;101.938;0.422;6.177;15.259;3.545;1;0.868
3;C SH;NOLAN;3016.5;107.313;0.426;6.533;16.416;3.492;1;0.842
3;C SH;NOLAN;3017;112.563;0.424;7.422;17.188;3.381;1;0.816
3;C SH;NOLAN;3017.5;110.375;0.427;6.891;16.546;3.289;1;0.789
3;C SH;NOLAN;3018;113.5;0.434;8.294;16.803;3.184;1;0.763
3;C SH;NOLAN;3018.5;107.938;0.438;7.729;18.296;3.16;1;0.737
3;C SH;NOLAN;3019;103.5;0.448;7.826;19.762;3.15;1;0.711
3;C SH;NOLAN;3019.5;100.25;0.467;5.943;19.253;3.211;1;0.684
3;C SH;NOLAN;3020;94.5;0.483;5.733;18.242;3.299;1;0.658
3;C SH;NOLAN;3020.5;94;0.502;5.628;16.54;3.625;1;0.632
2;C SH;NOLAN;3021;91.188;0.526;6.157;16.841;3.656;1;0.605
2;C SH;NOLAN;3021.5;89.938;0.545;6.614;16.725;3.83;1;0.579
3;C SH;NOLAN;3022;86.5;0.562;7.713;17.14;3.617;1;0.553
3;C SH;NOLAN;3022.5;77.938;0.576;7.04;15.665;3.609;1;0.526
2;C SH;NOLAN;3023;76.813;0.582;6.162;14.443;3.682;1;0.5
2;C SH;NOLAN;3023.5;77.688;0.585;4.795;13.076;3.836;1;0.474
2;C SH;NOLAN;3024;77.563;0.593;4.761;13.159;4.262;1;0.447
2;C SH;NOLAN;3024.5;78.563;0.595;4.461;12.97;4.102;1;0.421
2;C SH;NOLAN;3025;76;0.593;4.411;13.265;3.957;1;0.395
2;C SH;NOLAN;3025.5;80.688;0.591;4.974;12.799;3.75;1;0.368
2;C SH;NOLAN;3026;82.125;0.585;6.129;13.158;3.871;1;0.342
2;C SH;NOLAN;3026.5;84.5;0.57;6.155;13.523;3.973;1;0.316
2;C SH;NOLAN;3027;86.688;0.557;5.999;13.484;3.674;1;0.289
2;C SH;NOLAN;3027.5;87.25;0.546;5.884;13.598;3.596;1;0.263
2;C SH;NOLAN;3028;87.375;0.531;6.392;13.188;3.467;1;0.237
2;C SH;NOLAN;3028.5;87;0.518;5.941;13.883;3.676;1;0.211
2;C SH;NOLAN;3029;97.375;0.519;7.357;15.299;3.641;1;0.184
2;C SH;NOLAN;3029.5;100.563;0.515;6.842;17.865;3.365;1;0.158
2;C SH;NOLAN;3030;102.625;0.516;6.555;18.152;3.242;1;0.132
2;C SH;NOLAN;3030.5;93.75;0.53;3.788;17.209;3.176;1;0.105
3;C SH;NOLAN;3031;94.938;0.562;6.043;16.955;3.318;1;0.079
8;C LM;NOLAN;3031.5;81.125;0.597;5.83;19.023;3.131;1;0.053
8;C LM;NOLAN;3032;58.188;0.643;6.517;15.26;3.334;1;0.026
8;C LM;NOLAN;3032.5;32.969;0.69;2.971;11.14;3.518;2;1
8;C LM;NOLAN;3033;20.969;0.734;2.578;6.748;4.121;2;0.991
8;C LM;NOLAN;3033.5;14.461;0.782;1.403;6.947;4;2;0.982
8;C LM;NOLAN;3034;13.609;0.859;0.948;7.059;4.305;2;0.973
8;C LM;NOLAN;3034.5;13.25;0.908;-0.063;7.534;4.555;2;0.964
8;C LM;NOLAN;3035;19.219;0.909;0.336;7.476;4.731;2;0.955
8;C LM;NOLAN;3035.5;19.641;0.888;0.842;7.41;3.815;2;0.946
5;C LM;NOLAN;3036;24.266;0.862;1.437;6.864;3.117;2;0.938
5;C LM;NOLAN;3036.5;26.141;0.818;1.16;7.727;2.75;2;0.929
5;C LM;NOLAN;3037;29.594;0.773;2.348;8.687;2.957;2;0.92
5;C LM;NOLAN;3037.5;32.938;0.734;3.005;10.374;3.078;2;0.911
5;C LM;NOLAN;3038;36.844;0.697;3.034;12.005;3.283;2;0.902
5;C LM;NOLAN;3038.5;44.188;0.667;2.897;12.435;3.172;2;0.893
5;C LM;NOLAN;3039;50.625;0.661;3.849;12.703;3.031;2;0.884
4;C LM;NOLAN;3039.5;57;0.672;5.339;12.825;2.932;2;0.875
4;C LM;NOLAN;3040;57.469;0.69;5.764;13.132;2.943;2;0.866
4;C LM;NOLAN;3040.5;48.531;0.709;5.243;12.384;3.182;2;0.857
5;C LM;NOLAN;3041;40.469;0.728;3.199;10.228;3.137;2;0.848
6;C LM;NOLAN;3041.5;32.813;0.752;1.314;8.11;3.356;2;0.839
5;C LM;NOLAN;3042;38.563;0.79;0.809;6.809;3.557;2;0.83
5;C LM;NOLAN;3042.5;46.906;0.844;1.924;7.696;3.481;2;0.821
5;C LM;NOLAN;3043;54.594;0.896;2.275;8.614;3.354;2;0.813
5;C LM;NOLAN;3043.5;51.219;0.931;1.239;8.38;3.443;2;0.804
5;C LM;NOLAN;3044;40.688;0.94;-0.242;6.443;3.871;2;0.795
5;C LM;NOLAN;3044.5;34.406;0.939;-0.591;5.181;4.105;2;0.786
5;C LM;NOLAN;3045;31.297;0.95;-0.182;4.333;4.109;2;0.777
5;C LM;NOLAN;3045.5;36.469;0.967;0.169;4.567;4.125;2;0.768
5;C LM;NOLAN;3046;38.906;0.972;0.217;4.959;4.098;2;0.759
5;C LM;NOLAN;3046.5;41.906;0.969;0.117;5.889;3.783;2;0.75
5;C LM;NOLAN;3047;38.719;0.957;0.069;6.181;3.594;2;0.741
5;C LM;NOLAN;3047.5;38.125;0.938;0.288;6.744;3.57;2;0.732
5;C LM;NOLAN;3048;41.969;0.915;0.516;6.516;3.65;2;0.723
5;C LM;NOLAN;3048.5;45.031;0.89;1.186;6.04;3.955;2;0.714
5;C LM;NOLAN;3049;47.125;0.864;2.279;5.191;4.242;2;0.705
5;C LM;NOLAN;3049.5;57.75;0.838;1.948;7.036;4.402;2;0.696
4;C LM;NOLAN;3050;68.375;0.82;2.926;9.037;4.383;2;0.688
6;C LM;NOLAN;3050.5;77.313;0.814;3.614;10.644;4.172;2;0.679
6;C LM;NOLAN;3051;66.313;0.815;4.063;10.976;4.207;2;0.67
8;C LM;NOLAN;3051.5;61.406;0.811;3.186;9.753;4.066;2;0.661
8;C LM;NOLAN;3052;62.438;0.808;2.053;8.738;4.172;2;0.652
8;C LM;NOLAN;3052.5;80.875;0.806;1.712;7.712;3.951;2;0.643
8;C LM;NOLAN;3053;96.5;0.817;1.956;7.272;3.963;2;0.634
8;C LM;NOLAN;3053.5;120.188;0.839;2.635;7.033;3.877;2;0.625
8;C LM;NOLAN;3054;165.625;0.868;3.205;7.147;4.148;2;0.616
4;C LM;NOLAN;3054.5;219.375;0.89;3.504;8.019;4.023;2;0.607
4;C LM;NOLAN;3055;247.5;0.909;3.195;8.622;3.885;2;0.598
4;C LM;NOLAN;3055.5;216.75;0.92;2.845;8.728;3.818;2;0.589
4;C LM;NOLAN;3056;166.625;0.927;2.713;8.029;4.027;2;0.58
4;C LM;NOLAN;3056.5;119.063;0.933;2.689;8.005;4.422;2;0.571
4;C LM;NOLAN;3057;96.563;0.939;2.528;7.726;4.469;2;0.563
4;C LM;NOLAN;3057.5;78.188;0.939;2.023;8.134;4.371;2;0.554
4;C LM;NOLAN;3058;78.188;0.938;2.249;8.249;4.062;2;0.545
4;C LM;NOLAN;3058.5;70.75;0.936;2.249;8.249;4.062;2;0.536
4;C LM;NOLAN;3059;61.5;0.932;2.12;8.231;4.137;2;0.527
4;C LM;NOLAN;3059.5;56.813;0.926;1.909;8.248;4.105;2;0.518
4;C LM;NOLAN;3060;52.281;0.921;1.109;8.022;3.965;2;0.509
4;C LM;NOLAN;3060.5;48.438;0.913;1.534;8.329;3.674;2;0.5
3;A1 SH;NEWBY;2826;76.34;0.719;7.8;11;3.7;1;1
3;A1 SH;NEWBY;2826.5;83.74;0.688;9.7;12.55;3.4;1;0.977
3;A1 SH;NEWBY;2827;83.19;0.664;10.1;11.95;3.4;1;0.953
3;A1 SH;NEWBY;2827.5;80.44;0.648;10.1;11.15;3.4;1;0.93
3;A1 SH;NEWBY;2828;75.42;0.648;9.3;11.45;3.3;1;0.907
3;A1 SH;NEWBY;2828.5;71.5;0.663;9.2;11.6;3.3;1;0.884
3;A1 SH;NEWBY;2829;69.63;0.685;8.7;11.35;3.3;1;0.86
3;A1 SH;NEWBY;2829.5;70.01;0.705;8.6;11.1;3.4;1;0.837
3;A1 SH;NEWBY;2830;67.56;0.717;8.6;10.8;3.4;1;0.814
3;A1 SH;NEWBY;2830.5;67.33;0.719;7.3;10.75;3.4;1;0.791
3;A1 SH;NEWBY;2831;64.77;0.718;6.3;10.45;3.3;1;0.767
3;A1 SH;NEWBY;2831.5;64.8;0.715;5.7;10.05;3.4;1;0.744
2;A1 SH;NEWBY;2832;66.25;0.716;4.9;10.45;3.5;1;0.721
2;A1 SH;NEWBY;2832.5;66.55;0.719;6.4;10.4;3.5;1;0.698
2;A1 SH;NEWBY;2833;66.13;0.723;7.9;9.85;3.5;1;0.674
2;A1 SH;NEWBY;2833.5;65.54;0.723;8.1;8.65;3.5;1;0.651
2;A1 SH;NEWBY;2834;63.07;0.721;5.5;7.75;3.5;1;0.628
2;A1 SH;NEWBY;2834.5;59.71;0.72;3.7;7.05;3.4;1;0.605
2;A1 SH;NEWBY;2835;57.86;0.721;2.2;7.1;3.3;1;0.581
2;A1 SH;NEWBY;2835.5;54.8;0.723;1;7.4;3.3;1;0.558
2;A1 SH;NEWBY;2836;51.8;0.722;0.6;7.5;3.3;1;0.535
2;A1 SH;NEWBY;2836.5;52.62;0.717;1.3;7.45;3.3;1;0.512
2;A1 SH;NEWBY;2837;53.66;0.706;1.5;7.85;3.4;1;0.488
2;A1 SH;NEWBY;2837.5;55.79;0.688;2.1;8.25;3.3;1;0.465
2;A1 SH;NEWBY;2838;58.54;0.666;2.1;8.85;3.2;1;0.442
2;A1 SH;NEWBY;2838.5;60.95;0.639;2.1;9.65;3.3;1;0.419
2;A1 SH;NEWBY;2839;66.56;0.613;3.7;10.65;3.3;1;0.395
2;A1 SH;NEWBY;2839.5;70.88;0.589;5.6;11.4;3.2;1;0.372
2;A1 SH;NEWBY;2840;71.57;0.571;6.3;12.45;3.1;1;0.349
3;A1 SH;NEWBY;2840.5;72.53;0.555;6.3;13.45;3.2;1;0.326
3;A1 SH;NEWBY;2841;67.99;0.542;6.1;14.35;3.1;1;0.302
2;A1 SH;NEWBY;2841.5;60.31;0.525;5;14.1;3.2;1;0.279
2;A1 SH;NEWBY;2842;55.52;0.504;6.3;11.55;3.2;1;0.256
2;A1 SH;NEWBY;2842.5;56.07;0.486;5;11;3.2;1;0.233
2;A1 SH;NEWBY;2843;62.67;0.473;-2.6;15.8;3.2;1;0.209
2;A1 SH;NEWBY;2843.5;66.9;0.471;-2.2;21.4;3.2;1;0.186
2;A1 SH;NEWBY;2844;68.54;0.477;3.1;24.25;3.2;1;0.163
2;A1 SH;NEWBY;2844.5;68.7;0.483;3.3;22.85;3.2;1;0.14
5;A1 SH;NEWBY;2845;63.2;0.489;9.5;17.25;3.4;2;0.116
5;A1 SH;NEWBY;2845.5;60.33;0.493;11.6;15.6;3.7;2;0.093
5;A1 SH;NEWBY;2846;58.16;0.491;12.7;14.35;3.8;2;0.07
5;A1 SH;NEWBY;2846.5;52.61;0.481;9.9;11.45;3.9;2;0.047
3;A1 SH;NEWBY;2847;45.72;0.464;5.2;8.8;3.9;1;0.023
6;A1 LM;NEWBY;2847.5;35.92;0.441;4.5;7.95;4;2;1
6;A1 LM;NEWBY;2848;26.62;0.422;3.6;10.7;4.3;2;0.988
7;A1 LM;NEWBY;2848.5;24.14;0.398;5.9;12.55;4;2;0.976
7;A1 LM;NEWBY;2849;24.36;0.375;6.5;12.95;3.9;2;0.963
7;A1 LM;NEWBY;2849.5;23.28;0.35;6.5;11.85;4.1;2;0.951
7;A1 LM;NEWBY;2850;25.7;0.334;7.7;10.95;4.1;2;0.939
7;A1 LM;NEWBY;2850.5;28.2;0.336;8.2;11.2;3.7;2;0.927
7;A1 LM;NEWBY;2851;28.35;0.352;8.8;12.1;3.7;2;0.915
7;A1 LM;NEWBY;2851.5;31.71;0.377;9;12.8;3.6;2;0.902
7;A1 LM;NEWBY;2852;35.52;0.405;9.1;12.75;3.3;2;0.89
7;A1 LM;NEWBY;2852.5;39.11;0.431;9.3;12.55;3.2;2;0.878
5;A1 LM;NEWBY;2853;44.57;0.458;10.4;12.4;3.2;2;0.866
5;A1 LM;NEWBY;2853.5;54.42;0.49;11.1;12.35;3.1;2;0.854
5;A1 LM;NEWBY;2854;61.72;0.53;10.9;13.15;3.1;2;0.841
5;A1 LM;NEWBY;2854.5;66.81;0.577;11.9;13.55;3.1;2;0.829
4;A1 LM;NEWBY;2855;74.17;0.628;11.8;13.5;3.2;2;0.817
4;A1 LM;NEWBY;2855.5;82.18;0.679;9.2;12.5;3.5;2;0.805
4;A1 LM;NEWBY;2856;85.67;0.725;5.8;9.4;3.6;2;0.793
4;A1 LM;NEWBY;2856.5;87.06;0.761;1.6;6.3;3.8;2;0.78
4;A1 LM;NEWBY;2857;84.2;0.792;-1.2;4.6;3.8;2;0.768
8;A1 LM;NEWBY;2857.5;83.45;0.823;-1.9;4.35;3.9;2;0.756
8;A1 LM;NEWBY;2858;90.42;0.86;-1.3;5.75;3.9;2;0.744
6;A1 LM;NEWBY;2858.5;100.83;0.898;1.7;7.65;3.8;2;0.732
4;A1 LM;NEWBY;2859;108.34;0.93;4.9;9.65;3.9;2;0.72
4;A1 LM;NEWBY;2859.5;107.75;0.946;6.5;9.85;3.9;2;0.707
4;A1 LM;NEWBY;2860;92.63;0.945;5.3;8.55;3.8;2;0.695
4;A1 LM;NEWBY;2860.5;70.46;0.935;1.9;6.25;3.7;2;0.683
8;A1 LM;NEWBY;2861;55.67;0.924;-0.5;4.65;3.7;2;0.671
8;A1 LM;NEWBY;2861.5;49.35;0.919;-1.2;4.1;3.6;2;0.659
8;A1 LM;NEWBY;2862;46.82;0.918;-1;4.8;3.6;2;0.646
8;A1 LM;NEWBY;2862.5;48.11;0.91;-0.1;6.65;3.8;2;0.634
5;A1 LM;NEWBY;2863;51.66;0.886;1.5;8.65;3.7;2;0.622
5;A1 LM;NEWBY;2863.5;49.73;0.847;3.2;10.1;3.6;2;0.61
5;A1 LM;NEWBY;2864;51.46;0.801;4.1;11.25;3.6;2;0.598
4;A1 LM;NEWBY;2864.5;54.67;0.757;5;12.1;3.6;2;0.585
4;A1 LM;NEWBY;2865;56.96;0.721;5.2;12.4;3.6;2;0.573
4;A1 LM;NEWBY;2865.5;58.67;0.693;6.2;12.7;3.6;2;0.561
4;A1 LM;NEWBY;2866;61.19;0.675;6.6;12.9;3.6;2;0.549
4;A1 LM;NEWBY;2866.5;60.77;0.666;6.7;13.25;3.7;2;0.537
4;A1 LM;NEWBY;2867;60.99;0.661;6.2;13.5;3.7;2;0.524
4;A1 LM;NEWBY;2867.5;63.65;0.658;6.1;13.75;3.6;2;0.512
4;A1 LM;NEWBY;2868;66.98;0.654;6;13.8;3.5;2;0.5
4;A1 LM;NEWBY;2868.5;68.44;0.646;5.5;14.35;3.5;2;0.488
4;A1 LM;NEWBY;2869;71.39;0.638;5;14.8;3.4;2;0.476
4;A1 LM;NEWBY;2869.5;73.08;0.63;5.2;14.5;3.3;2;0.463
4;A1 LM;NEWBY;2870;71.86;0.624;4.9;14.75;3.3;2;0.451
4;A1 LM;NEWBY;2870.5;71.83;0.623;5.2;14.9;3.3;2;0.439
4;A1 LM;NEWBY;2871;70.27;0.624;5.8;15.1;3.3;2;0.427
4;A1 LM;NEWBY;2871.5;69.65;0.626;6.2;14.8;3.4;2;0.415
4;A1 LM;NEWBY;2872;66.78;0.631;5.7;14.15;3.5;2;0.402
4;A1 LM;NEWBY;2872.5;64.06;0.638;5.9;12.95;3.5;2;0.39
4;A1 LM;NEWBY;2873;60.24;0.651;5.1;11.65;3.5;2;0.378
4;A1 LM;NEWBY;2873.5;58.25;0.667;4.2;11.4;3.4;2;0.366
6;A1 LM;NEWBY;2874;56.79;0.687;3.5;10.95;3.4;2;0.354
6;A1 LM;NEWBY;2874.5;58;0.703;1.8;10.5;3.3;2;0.341
6;A1 LM;NEWBY;2875;60.75;0.71;0.8;10.6;3.3;2;0.329
4;A1 LM;NEWBY;2875.5;64.48;0.707;2.5;10.45;3.4;2;0.317
4;A1 LM;NEWBY;2876;65.37;0.693;4.1;10.25;3.5;2;0.305
4;A1 LM;NEWBY;2876.5;65.84;0.672;3.2;10.8;3.4;2;0.293
4;A1 LM;NEWBY;2877;67.38;0.65;2.7;11.45;3.3;2;0.28
4;A1 LM;NEWBY;2877.5;67.07;0.626;3;12;3.2;2;0.268
4;A1 LM;NEWBY;2878;65.28;0.603;3.6;12.8;3;2;0.256
4;A1 LM;NEWBY;2878.5;65.26;0.58;3.3;13.75;2.9;2;0.244
4;A1 LM;NEWBY;2879;63.4;0.559;3.1;13.85;2.9;2;0.232
4;A1 LM;NEWBY;2879.5;64.1;0.544;3;13.9;2.8;2;0.22
4;A1 LM;NEWBY;2880;66.77;0.542;2.7;14.45;2.8;2;0.207
4;A1 LM;NEWBY;2880.5;69.72;0.554;3.2;14.8;2.9;2;0.195
4;A1 LM;NEWBY;2881;71;0.58;4.4;15.2;3.1;2;0.183
4;A1 LM;NEWBY;2881.5;69.77;0.617;5.9;14.65;3.3;2;0.171
4;A1 LM;NEWBY;2882;64.39;0.665;5.5;12.45;3.6;2;0.159
4;A1 LM;NEWBY;2882.5;60.94;0.721;4.9;9.45;4;2;0.146
4;A1 LM;NEWBY;2883;56.89;0.785;3.4;7.1;4.3;2;0.134
6;A1 LM;NEWBY;2883.5;54.2;0.856;2.7;5.45;4.5;2;0.122
6;A1 LM;NEWBY;2884;53.14;0.923;1.3;4.35;4.5;2;0.11
6;A1 LM;NEWBY;2884.5;52.7;0.961;0.9;3.45;4.3;2;0.098
6;A1 LM;NEWBY;2885;51.93;0.946;0.7;3.65;4.1;2;0.085
8;A1 LM;NEWBY;2885.5;56.1;0.887;1.1;4.55;4;2;0.073
8;A1 LM;NEWBY;2886;61.49;0.805;2.5;5.95;3.7;2;0.061
5;A1 LM;NEWBY;2886.5;68.77;0.725;3.8;8.1;3.4;2;0.049
5;A1 LM;NEWBY;2887;78.57;0.658;-0.6;14.2;3.2;2;0.037
5;A1 LM;NEWBY;2887.5;85.47;0.61;-2.5;21.35;3;2;0.024
5;A1 LM;NEWBY;2888;88.63;0.583;-0.6;28.2;3;2;0.012
2;B1 SH;NEWBY;2888.5;88.97;0.569;-0.1;31.65;2.9;1;1
3;B1 SH;NEWBY;2889;84.66;0.567;0.2;30.2;3.1;1;0.968
3;B1 SH;NEWBY;2889.5;76.48;0.574;0.8;24.4;3.4;1;0.935
3;B1 SH;NEWBY;2890;69.35;0.595;-0.7;18.45;3.5;1;0.903
3;B1 SH;NEWBY;2890.5;63.07;0.63;7.7;10.55;3.9;1;0.871
3;B1 SH;NEWBY;2891;59.01;0.675;7.8;9.3;4;1;0.839
3;B1 SH;NEWBY;2891.5;59.94;0.719;8.8;8;4.1;1;0.806
3;B1 SH;NEWBY;2892;61.89;0.75;6.5;9.45;4;1;0.774
3;B1 SH;NEWBY;2892.5;63.84;0.763;6;10.1;3.8;1;0.742
3;B1 SH;NEWBY;2893;65.13;0.76;6.8;10.7;3.8;1;0.71
3;B1 SH;NEWBY;2893.5;65.86;0.745;6.8;11.2;3.7;1;0.677
3;B1 SH;NEWBY;2894;64.98;0.728;7.3;11.25;3.7;1;0.645
3;B1 SH;NEWBY;2894.5;63.13;0.713;6.7;11.25;3.6;1;0.613
3;B1 SH;NEWBY;2895;61.3;0.702;6.7;10.65;3.6;1;0.581
3;B1 SH;NEWBY;2895.5;59.07;0.695;6.6;10.5;3.5;1;0.548
3;B1 SH;NEWBY;2896;54.86;0.691;4.8;9.9;3.4;1;0.516
3;B1 SH;NEWBY;2896.5;52.06;0.688;3.1;9.45;3.2;1;0.484
2;B1 SH;NEWBY;2897;50.25;0.682;1.9;8.85;3.1;1;0.452
2;B1 SH;NEWBY;2897.5;49.94;0.671;1;8.6;3.1;1;0.419
2;B1 SH;NEWBY;2898;49.52;0.656;0.5;8.45;3.2;1;0.387
2;B1 SH;NEWBY;2898.5;50.38;0.644;0.9;8.35;3.3;1;0.355
2;B1 SH;NEWBY;2899;51.74;0.633;1.7;8.85;3.3;1;0.323
2;B1 SH;NEWBY;2899.5;54.38;0.623;3.3;9.95;3.4;1;0.29
2;B1 SH;NEWBY;2900;57.35;0.613;5.7;10.75;3.3;1;0.258
2;B1 SH;NEWBY;2900.5;60.11;0.6;7.2;11;3.3;1;0.226
2;B1 SH;NEWBY;2901;60.58;0.589;8.6;11.4;3.2;1;0.194
2;B1 SH;NEWBY;2901.5;62.39;0.59;8.2;12.6;3.1;1;0.161
2;B1 SH;NEWBY;2902;64.39;0.605;3.8;15.3;3;1;0.129
2;B1 SH;NEWBY;2902.5;63.97;0.632;0.4;19.4;3.1;1;0.097
2;B1 SH;NEWBY;2903;58.9;0.664;1.6;20.6;3.4;1;0.065
2;B1 SH;NEWBY;2903.5;49.15;0.69;-3.2;18.6;3.7;1;0.032
3;B1 SH;NEWBY;2904;37.28;0.713;-3.7;13.05;4;1;0.01
8;B1 LM;NEWBY;2904.5;37.28;0.713;-3.7;13.05;4;2;1
8;B1 LM;NEWBY;2905;24.56;0.743;-1.9;9.55;4.5;2;0.974
8;B1 LM;NEWBY;2905.5;18.18;0.785;-0.5;8.55;4.6;2;0.947
8;B1 LM;NEWBY;2906;15.89;0.841;1.5;8.05;4.6;2;0.921
8;B1 LM;NEWBY;2906.5;15.67;0.898;2.2;7.6;4.6;2;0.895
8;B1 LM;NEWBY;2907;15.77;0.932;1;7.1;4.5;2;0.868
8;B1 LM;NEWBY;2907.5;14.62;0.928;-0.1;6.35;4.5;2;0.842
8;B1 LM;NEWBY;2908;13.92;0.886;-0.3;5.85;4.6;2;0.816
8;B1 LM;NEWBY;2908.5;14;0.823;-0.2;6;4.4;2;0.789
8;B1 LM;NEWBY;2909;15.63;0.759;0.1;7.05;4.1;2;0.763
8;B1 LM;NEWBY;2909.5;18.49;0.708;0.8;9.2;3.9;2;0.737
7;B1 LM;NEWBY;2910;23.27;0.664;3.3;10.25;3.8;2;0.711
7;B1 LM;NEWBY;2910.5;29.04;0.627;5.5;10.85;3.6;2;0.684
7;B1 LM;NEWBY;2911;33.5;0.597;6;9.9;3.6;2;0.658
7;B1 LM;NEWBY;2911.5;35.92;0.575;7.3;8.65;3.7;2;0.632
7;B1 LM;NEWBY;2912;37.3;0.572;7.4;8;3.8;2;0.605
7;B1 LM;NEWBY;2912.5;37.93;0.587;5;8.9;3.9;2;0.579
7;B1 LM;NEWBY;2913;37.01;0.622;2.6;9.1;4;2;0.553
5;B1 LM;NEWBY;2913.5;34.72;0.671;0.6;8.8;4.2;2;0.526
5;B1 LM;NEWBY;2914;33.39;0.723;-1.2;7.9;4.3;2;0.5
6;B1 LM;NEWBY;2914.5;32.48;0.769;-1.6;6.8;4.4;2;0.474
6;B1 LM;NEWBY;2915;30.69;0.806;-1.6;6.2;4.8;2;0.447
6;B1 LM;NEWBY;2915.5;30.51;0.833;-0.5;5.45;4.8;2;0.421
8;B1 LM;NEWBY;2916;29.42;0.846;0.3;4.95;4.7;2;0.395
8;B1 LM;NEWBY;2916.5;30.47;0.842;-0.8;5.3;4.7;2;0.368
6;B1 LM;NEWBY;2917;32.09;0.822;-1.4;6.4;4.7;2;0.342
6;B1 LM;NEWBY;2917.5;32.14;0.79;-2.3;8.15;4.6;2;0.316
8;B1 LM;NEWBY;2918;32.99;0.757;-4.5;10.25;4.5;2;0.289
8;B1 LM;NEWBY;2918.5;31.58;0.727;-6.9;11.95;4.5;2;0.263
8;B1 LM;NEWBY;2919;29.07;0.706;-7.3;12.75;4.4;2;0.237
8;B1 LM;NEWBY;2919.5;29.97;0.693;-6.7;12.95;4.3;2;0.211
8;B1 LM;NEWBY;2920;37.44;0.688;-5.5;12.25;4.3;2;0.184
8;B1 LM;NEWBY;2920.5;52.59;0.687;-4.1;10.65;4.3;2;0.158
6;B1 LM;NEWBY;2921;68.18;0.684;-2.3;8.35;4.1;2;0.132
6;B1 LM;NEWBY;2921.5;80.25;0.674;-0.6;7.3;3.9;2;0.105
8;B1 LM;NEWBY;2922;86.51;0.65;1.8;7.9;3.7;2;0.079
8;B1 LM;NEWBY;2922.5;86.09;0.616;5.2;8.9;3.4;2;0.053
4;B1 LM;NEWBY;2923;86.09;0.616;5.2;8.9;3.4;2;0.053
4;B1 LM;NEWBY;2923.5;83.41;0.579;2.3;14.45;3.2;2;0.026
3;B2 SH;NEWBY;2924;84.51;0.545;1.3;19.65;3.2;1;1
3;B2 SH;NEWBY;2924.5;85.03;0.521;4.3;25.15;3.1;1;0.889
3;B2 SH;NEWBY;2925;87.36;0.5;7.2;28.7;3.1;1;0.778
2;B2 SH;NEWBY;2925.5;85.73;0.481;9.3;28.35;3.2;1;0.667
2;B2 SH;NEWBY;2926;80.2;0.465;7;24.5;3.1;1;0.556
2;B2 SH;NEWBY;2926.5;76.12;0.456;3.5;19.35;3.1;1;0.444
2;B2 SH;NEWBY;2927;74.5;0.467;10.2;14.1;3.5;1;0.333
2;B2 SH;NEWBY;2927.5;73.97;0.498;5.9;16.85;3.5;1;0.222
3;B2 SH;NEWBY;2928;71.24;0.545;5.1;20.15;3.6;1;0.111
3;B2 SH;NEWBY;2928.5;66.7;0.605;6.7;21.15;3.9;1;0.01
6;B2 LM;NEWBY;2929;66.7;0.605;6.7;21.15;3.9;2;1
6;B2 LM;NEWBY;2929.5;59.42;0.663;3.1;18.05;4.2;2;0.963
6;B2 LM;NEWBY;2930;49;0.713;-0.2;13.7;4.3;2;0.926
6;B2 LM;NEWBY;2930.5;39.46;0.76;-0.9;10.25;4.6;2;0.889
9;B2 LM;NEWBY;2931;32.31;0.816;-4.2;10.3;4.7;2;0.852
9;B2 LM;NEWBY;2931.5;26.09;0.886;-8.5;11.75;4.7;2;0.815
9;B2 LM;NEWBY;2932;22.37;0.96;-10.4;12.2;4.7;2;0.778
9;B2 LM;NEWBY;2932.5;19.97;1.01;-11.4;11.7;4.7;2;0.741
9;B2 LM;NEWBY;2933;18.36;1.013;-11.1;10.25;4.9;2;0.704
9;B2 LM;NEWBY;2933.5;16.5;0.964;-8.2;7.7;5;2;0.667
9;B2 LM;NEWBY;2934;14.84;0.88;-5;5.7;5;2;0.63
9;B2 LM;NEWBY;2934.5;15.72;0.786;-5.6;6.4;5;2;0.593
8;B2 LM;NEWBY;2935;17.86;0.7;-6.3;8.45;4.9;2;0.556
8;B2 LM;NEWBY;2935.5;19.9;0.623;-7.7;11.45;4.7;2;0.519
8;B2 LM;NEWBY;2936;22.42;0.561;-9.5;14.45;4.6;2;0.481
8;B2 LM;NEWBY;2936.5;22.62;0.517;-10.2;16.1;4.5;2;0.444
8;B2 LM;NEWBY;2937;20.93;0.489;-9.8;16.2;4.4;2;0.407
8;B2 LM;NEWBY;2937.5;19.85;0.48;-8.9;15.65;4.3;2;0.37
8;B2 LM;NEWBY;2938;18.3;0.494;-7.7;14.65;4.1;2;0.333
6;B2 LM;NEWBY;2938.5;19.39;0.531;-6.7;13.35;3.8;2;0.296
6;B2 LM;NEWBY;2939;24.34;0.585;-5;11.2;3.8;2;0.259
6;B2 LM;NEWBY;2939.5;29.67;0.646;-3.2;8.4;3.8;2;0.222
6;B2 LM;NEWBY;2940;33.9;0.709;-2.2;6.3;3.8;2;0.185
6;B2 LM;NEWBY;2940.5;39.83;0.757;-1.5;4.95;3.9;2;0.148
6;B2 LM;NEWBY;2941;44.94;0.794;-0.4;4.7;3.9;2;0.111
4;B2 LM;NEWBY;2941.5;48.55;0.814;0;6.2;3.8;2;0.074
3;B3 SH;NEWBY;2942;57.21;0.779;3.8;8.5;3.6;1;1
3;B3 SH;NEWBY;2942.5;60.19;0.732;3.8;9;3.5;1;0.952
3;B3 SH;NEWBY;2943;60.63;0.684;4;9.4;3.4;1;0.905
3;B3 SH;NEWBY;2943.5;64.74;0.645;-2.3;14.75;3.2;1;0.857
3;B3 SH;NEWBY;2944;72.79;0.623;-2.9;18.95;3.1;1;0.81
3;B3 SH;NEWBY;2944.5;78.41;0.614;-1.7;22.15;3;1;0.762
3;B3 SH;NEWBY;2945;83.39;0.607;-0.9;21.65;3.1;1;0.714
3;B3 SH;NEWBY;2945.5;82.25;0.6;1.9;17.85;3.3;1;0.667
3;B3 SH;NEWBY;2946;75.88;0.592;7.3;12.25;3.4;1;0.619
2;B3 SH;NEWBY;2946.5;72.24;0.589;2.9;12.45;3.3;1;0.571
2;B3 SH;NEWBY;2947;67.99;0.589;3.5;11.95;3.2;1;0.524
3;B3 SH;NEWBY;2947.5;65.41;0.59;3.9;11.45;3.3;1;0.476
3;B3 SH;NEWBY;2948;64.93;0.588;3.3;10.65;3.3;1;0.429
2;B3 SH;NEWBY;2948.5;61.87;0.579;1.8;11.1;3.2;1;0.381
2;B3 SH;NEWBY;2949;59.81;0.565;3.9;10.85;3.2;1;0.333
2;B3 SH;NEWBY;2949.5;60.59;0.547;5;11.6;3.2;1;0.286
2;B3 SH;NEWBY;2950;65.68;0.529;6.1;11.75;3.2;1;0.238
2;B3 SH;NEWBY;2950.5;73.12;0.519;7;12.1;3.2;1;0.19
2;B3 SH;NEWBY;2951;77.69;0.52;8.5;12.85;3.3;1;0.143
3;B3 SH;NEWBY;2951.5;77.23;0.537;10;13.9;3.4;1;0.095
3;B3 SH;NEWBY;2952;72.51;0.567;11.2;14.1;3.5;1;0.048
3;B3 SH;NEWBY;2952.5;59.53;0.605;10.2;13.3;3.9;1;0.01
5;B3 LM;NEWBY;2953;59.53;0.605;10.2;13.3;3.9;2;1
8;B3 LM;NEWBY;2953.5;46.1;0.644;6.5;12.45;4;2;0.9
8;B3 LM;NEWBY;2954;34.9;0.68;2.6;8.5;4.3;2;0.8
8;B3 LM;NEWBY;2954.5;27.06;0.711;-0.4;6.7;4.4;2;0.7
8;B3 LM;NEWBY;2955;23.8;0.724;0.1;6.05;4.4;2;0.6
8;B3 LM;NEWBY;2955.5;23.73;0.714;2.1;5.95;4.2;2;0.5
8;B3 LM;NEWBY;2956;25.3;0.677;3.7;6.85;4;2;0.4
8;B3 LM;NEWBY;2956.5;30.73;0.627;4.7;8.05;3.6;2;0.3
5;B3 LM;NEWBY;2957;40.11;0.583;5.2;9.8;3.4;2;0.2
9;B3 LM;NEWBY;2957.5;51.02;0.553;3.6;12.3;3.2;2;0.1
3;B4 SH;NEWBY;2958;59.94;0.533;4.1;14.55;3.1;1;1
3;B4 SH;NEWBY;2958.5;66.64;0.521;5.9;14.85;3;1;0.95
2;B4 SH;NEWBY;2959;67.56;0.512;3.2;12.7;2.9;1;0.9
2;B4 SH;NEWBY;2959.5;64.7;0.512;2.3;10.55;3;1;0.85
2;B4 SH;NEWBY;2960;62.96;0.522;2.2;9.5;3.2;1;0.8
2;B4 SH;NEWBY;2960.5;63.92;0.544;2.4;9.7;3.2;1;0.75
3;B4 SH;NEWBY;2961;66.19;0.569;3.1;10.35;3.2;1;0.7
2;B4 SH;NEWBY;2961.5;67.73;0.591;4.9;10.75;3.3;1;0.65
2;B4 SH;NEWBY;2962;69.53;0.603;6;11.4;3.3;1;0.6
2;B4 SH;NEWBY;2962.5;69.57;0.609;6.2;11.5;3.1;1;0.55
2;B4 SH;NEWBY;2963;66.4;0.606;4.5;10.65;3.1;1;0.5
2;B4 SH;NEWBY;2963.5;63.73;0.602;2.7;9.65;3.1;1;0.45
2;B4 SH;NEWBY;2964;61.19;0.598;2.3;8.85;3.2;1;0.4
2;B4 SH;NEWBY;2964.5;61.34;0.593;2.2;8.8;3.2;1;0.35
2;B4 SH;NEWBY;2965;63.16;0.587;2.2;9.5;3.2;1;0.3
2;B4 SH;NEWBY;2965.5;67.6;0.581;2.7;10.05;3.2;1;0.25
2;B4 SH;NEWBY;2966;72.68;0.579;3.6;10.8;3.2;1;0.2
2;B4 SH;NEWBY;2966.5;76.58;0.587;6.5;11.35;3.2;1;0.15
3;B4 SH;NEWBY;2967;76.67;0.605;7.8;13.5;3.4;1;0.1
3;B4 SH;NEWBY;2967.5;72.12;0.629;8.8;15.1;3.6;1;0.05
8;B4 LM;NEWBY;2968;60.07;0.656;7.7;13.75;3.9;2;1
8;B4 LM;NEWBY;2968.5;48.91;0.681;4.9;10.65;4.3;2;0.923
8;B4 LM;NEWBY;2969;39.4;0.708;5.4;7.3;4.7;2;0.846
8;B4 LM;NEWBY;2969.5;33.8;0.736;1.6;7.7;4.9;2;0.769
6;B4 LM;NEWBY;2970;34.66;0.757;1.5;7.75;4.7;2;0.692
6;B4 LM;NEWBY;2970.5;36.28;0.766;2.6;6.4;4.8;2;0.615
6;B4 LM;NEWBY;2971;34.45;0.753;2.9;5.75;4.5;2;0.538
6;B4 LM;NEWBY;2971.5;30.67;0.72;2.7;6.25;4.3;2;0.462
5;B4 LM;NEWBY;2972;26.59;0.668;4.6;6.5;4.2;2;0.385
5;B4 LM;NEWBY;2972.5;23.77;0.609;5.5;6.35;4;2;0.308
6;B4 LM;NEWBY;2973;25.2;0.55;4.9;6.65;3.8;2;0.231
6;B4 LM;NEWBY;2973.5;29.99;0.5;5.3;7.25;3.5;2;0.154
4;B4 LM;NEWBY;2974;37.46;0.461;6.1;8.85;3.4;2;0.077
2;B5 SH;NEWBY;2974.5;47.6;0.433;7.8;11.5;3.2;1;1
2;B5 SH;NEWBY;2975;57.5;0.41;9.3;14.95;3;1;0.923
3;B5 SH;NEWBY;2975.5;68.77;0.389;9.4;19;2.9;1;0.846
3;B5 SH;NEWBY;2976;80.03;0.373;9.8;20.6;2.9;1;0.769
3;B5 SH;NEWBY;2976.5;84.28;0.358;9;21.8;3;1;0.692
3;B5 SH;NEWBY;2977;85.4;0.346;11.2;20.9;3.1;1;0.615
3;B5 SH;NEWBY;2977.5;88.92;0.338;12.6;19.9;3.3;1;0.538
3;B5 SH;NEWBY;2978;89.45;0.336;13.2;19.8;3.3;1;0.462
3;B5 SH;NEWBY;2978.5;90.91;0.342;12.9;20.05;3.3;1;0.385
3;B5 SH;NEWBY;2979;97.24;0.356;14.2;20.1;3.4;1;0.308
3;B5 SH;NEWBY;2979.5;100.16;0.382;13;21.7;3.5;1;0.231
3;B5 SH;NEWBY;2980;100.42;0.42;13.8;23;3.5;1;0.154
3;B5 SH;NEWBY;2980.5;94.18;0.464;11.8;22.9;3.5;1;0.077
3;B5 SH;NEWBY;2981;94.18;0.464;11.8;22.9;3.5;1;0.077
8;B5 LM;NEWBY;2981.5;81.3;0.513;8.4;20.6;3.7;2;1
8;B5 LM;NEWBY;2982;64.21;0.571;3.4;15;3.8;2;0.977
8;B5 LM;NEWBY;2982.5;48.35;0.639;2.5;9.95;4.1;2;0.953
8;B5 LM;NEWBY;2983;36.53;0.72;1.3;7.95;4.4;2;0.93
8;B5 LM;NEWBY;2983.5;33.58;0.797;3.1;6.95;4.6;2;0.907
6;B5 LM;NEWBY;2984;34.97;0.866;2.9;6.95;4.7;2;0.884
6;B5 LM;NEWBY;2984.5;37.31;0.917;2.8;6.2;4.6;2;0.86
5;B5 LM;NEWBY;2985;38.17;0.944;2.7;5.35;4.7;2;0.837
5;B5 LM;NEWBY;2985.5;38.05;0.957;2.8;4.7;4.8;2;0.814
5;B5 LM;NEWBY;2986;35.15;0.957;2.1;4.15;4.8;2;0.791
5;B5 LM;NEWBY;2986.5;32.92;0.947;1.4;3.1;4.8;2;0.767
5;B5 LM;NEWBY;2987;30.87;0.927;0.8;2.6;4.9;2;0.744
6;B5 LM;NEWBY;2987.5;30.25;0.894;-0.4;3.3;4.9;2;0.721
6;B5 LM;NEWBY;2988;31.22;0.846;-1.4;5.5;4.9;2;0.698
6;B5 LM;NEWBY;2988.5;34.06;0.78;-1.9;7.95;4.8;2;0.674
6;B5 LM;NEWBY;2989;35.49;0.704;-2.8;9.8;4.8;2;0.651
6;B5 LM;NEWBY;2989.5;36.73;0.617;-3.2;10.7;4.9;2;0.628
9;B5 LM;NEWBY;2990;37.54;0.542;-4.8;12.2;4.8;2;0.605
9;B5 LM;NEWBY;2990.5;35.97;0.48;-5.7;14.35;4.7;2;0.581
9;B5 LM;NEWBY;2991;35.91;0.433;-6.2;16.4;4.7;2;0.558
9;B5 LM;NEWBY;2991.5;36.21;0.396;-7;17.3;4.7;2;0.535
9;B5 LM;NEWBY;2992;34.79;0.371;-7.1;17.45;4.6;2;0.512
9;B5 LM;NEWBY;2992.5;34.92;0.358;-7.1;17.75;4.6;2;0.488
9;B5 LM;NEWBY;2993;35.83;0.358;-6.2;17.6;4.6;2;0.465
9;B5 LM;NEWBY;2993.5;35.65;0.367;-4.9;16.65;4.6;2;0.442
9;B5 LM;NEWBY;2994;37.74;0.375;-5.3;15.95;4.6;2;0.419
9;B5 LM;NEWBY;2994.5;41.79;0.377;-5;14.9;4.5;2;0.395
9;B5 LM;NEWBY;2995;46.41;0.369;-5.1;14.35;4.5;2;0.372
9;B5 LM;NEWBY;2995.5;51.44;0.356;-6.1;14.95;4.5;2;0.349
9;B5 LM;NEWBY;2996;54.21;0.344;-5.8;16.1;4.5;2;0.326
9;B5 LM;NEWBY;2996.5;52.96;0.34;-5.3;17.45;4.6;2;0.302
9;B5 LM;NEWBY;2997;50.39;0.346;-4.2;18.3;4.6;2;0.279
9;B5 LM;NEWBY;2997.5;50;0.36;-3.7;17.55;4.6;2;0.256
9;B5 LM;NEWBY;2998;60.82;0.384;-3.8;15.2;4.7;2;0.233
9;B5 LM;NEWBY;2998.5;99.31;0.418;-3.4;11.6;4.6;2;0.209
6;B5 LM;NEWBY;2999;166.94;0.464;-2.5;8.25;4.6;2;0.186
6;B5 LM;NEWBY;2999.5;235.25;0.526;-0.1;5.85;4.6;2;0.163
6;B5 LM;NEWBY;3000;285.47;0.599;3;4.6;4.4;2;0.14
6;B5 LM;NEWBY;3000.5;305.87;0.666;4.4;4.8;4.3;2;0.116
6;B5 LM;NEWBY;3001;291.37;0.703;4.9;5.05;4.2;2;0.093
6;B5 LM;NEWBY;3001.5;252.41;0.7;4.2;5.9;3.9;2;0.07
8;B5 LM;NEWBY;3002;208.53;0.669;0.3;10.15;3.6;2;0.047
5;B5 LM;NEWBY;3002.5;169.07;0.631;-0.2;15;3.4;2;0.023
3;C SH;NEWBY;3003;136.52;0.594;2.5;17.75;3.4;1;1
3;C SH;NEWBY;3003.5;108.53;0.561;6.2;20.7;3.3;1;0.976
3;C SH;NEWBY;3004;89.16;0.533;10.4;19.6;3.4;1;0.951
3;C SH;NEWBY;3004.5;80.39;0.513;13.5;18.25;3.5;1;0.927
3;C SH;NEWBY;3005;78.07;0.501;14.3;18.05;3.6;1;0.902
3;C SH;NEWBY;3005.5;76.31;0.496;13.7;18.35;3.6;1;0.878
3;C SH;NEWBY;3006;72.35;0.497;13.2;18.6;3.7;1;0.854
3;C SH;NEWBY;3006.5;74.77;0.504;11.8;19.3;3.7;1;0.829
3;C SH;NEWBY;3007;75.05;0.515;11.5;19.55;3.8;1;0.805
3;C SH;NEWBY;3007.5;71.98;0.529;10.5;19.35;3.8;1;0.78
3;C SH;NEWBY;3008;71.05;0.542;10.4;17.9;3.7;1;0.756
3;C SH;NEWBY;3008.5;68.96;0.549;10.7;15.75;3.7;1;0.732
2;C SH;NEWBY;3009;64.84;0.554;10.6;13.6;3.6;1;0.707
2;C SH;NEWBY;3009.5;65.22;0.558;10.6;12.6;3.6;1;0.683
2;C SH;NEWBY;3010;66.6;0.565;10.8;13.5;3.5;1;0.659
2;C SH;NEWBY;3010.5;68.59;0.574;12.4;14.6;3.5;1;0.634
2;C SH;NEWBY;3011;73.44;0.585;12.6;16.7;3.5;1;0.61
2;C SH;NEWBY;3011.5;76.76;0.595;14.4;16.7;3.4;1;0.585
2;C SH;NEWBY;3012;78.76;0.603;14.2;16.6;3.4;1;0.561
2;C SH;NEWBY;3012.5;80.33;0.607;12.5;16.15;3.6;1;0.537
2;C SH;NEWBY;3013;77.14;0.613;9.8;15.7;3.7;1;0.512
2;C SH;NEWBY;3013.5;71.91;0.621;9.5;13.95;3.7;1;0.488
2;C SH;NEWBY;3014;68.44;0.631;8.8;13;3.8;1;0.463
2;C SH;NEWBY;3014.5;64.99;0.64;10.6;11.3;3.8;1;0.439
2;C SH;NEWBY;3015;64.47;0.643;8.6;12.1;3.7;1;0.415
2;C SH;NEWBY;3015.5;64.96;0.632;9.1;12.15;3.6;1;0.39
2;C SH;NEWBY;3016;66.29;0.609;9.9;12.55;3.4;1;0.366
2;C SH;NEWBY;3016.5;67.6;0.577;10.4;12.8;3.4;1;0.341
2;C SH;NEWBY;3017;67.43;0.545;8;15.8;3.3;1;0.317
2;C SH;NEWBY;3017.5;68.87;0.52;5.8;19.5;3.2;1;0.293
2;C SH;NEWBY;3018;73.88;0.502;6.1;21.45;3.3;1;0.268
2;C SH;NEWBY;3018.5;77.89;0.49;6.5;23.15;3.4;1;0.244
2;C SH;NEWBY;3019;83.49;0.484;6.3;23.15;3.4;1;0.22
2;C SH;NEWBY;3019.5;87.98;0.484;9.9;21.65;3.4;1;0.195
2;C SH;NEWBY;3020;86.45;0.497;9.5;21.25;3.4;1;0.171
2;C SH;NEWBY;3020.5;86.29;0.521;10.3;19.95;3.4;1;0.146
2;C SH;NEWBY;3021;82.18;0.565;14.1;17.95;3.6;1;0.122
2;C SH;NEWBY;3021.5;77.07;0.621;8.9;20.65;3.5;1;0.098
2;C SH;NEWBY;3022;72.45;0.689;8.5;21.65;3.8;1;0.073
2;C SH;NEWBY;3022.5;63.1;0.753;4.9;20.55;3.8;1;0.049
2;C SH;NEWBY;3023;49.23;0.806;-1.4;15.3;3.9;1;0.024
8;C LM;NEWBY;3023.5;37.7;0.852;0.8;9;4.3;2;1
8;C LM;NEWBY;3024;26.37;0.89;2.4;6.1;4.5;2;0.989
6;C LM;NEWBY;3024.5;19.57;0.916;0.6;7;4.5;2;0.978
6;C LM;NEWBY;3025;17.32;0.916;0.4;7;4.3;2;0.966
6;C LM;NEWBY;3025.5;17.09;0.891;0.2;6.1;4.1;2;0.955
6;C LM;NEWBY;3026;19.53;0.856;-0.1;5.75;3.9;2;0.944
6;C LM;NEWBY;3026.5;25.62;0.826;0.7;6.25;3.7;2;0.933
6;C LM;NEWBY;3027;33.05;0.808;2.5;7.85;3.5;2;0.921
6;C LM;NEWBY;3027.5;42.69;0.796;5.2;9.9;3.4;2;0.91
6;C LM;NEWBY;3028;47.37;0.786;6.1;10.75;3.4;2;0.899
6;C LM;NEWBY;3028.5;47.9;0.781;6;9.9;3.5;2;0.888
6;C LM;NEWBY;3029;45.19;0.787;4.5;8.95;3.6;2;0.876
6;C LM;NEWBY;3029.5;40.54;0.812;3.5;8.55;3.7;2;0.865
6;C LM;NEWBY;3030;38.91;0.851;2.7;8.45;3.8;2;0.854
6;C LM;NEWBY;3030.5;39.62;0.898;2.2;8.1;4.1;2;0.843
6;C LM;NEWBY;3031;38.84;0.936;2.7;6.85;4;2;0.831
6;C LM;NEWBY;3031.5;37.8;0.961;1;6;4.2;2;0.82
6;C LM;NEWBY;3032;35.03;0.979;0.2;5.1;4.2;2;0.809
6;C LM;NEWBY;3032.5;33.44;0.999;-0.3;4.95;4.1;2;0.798
6;C LM;NEWBY;3033;36.21;1.024;0.1;5.75;3.9;2;0.787
6;C LM;NEWBY;3033.5;40.89;1.05;1.4;6.8;3.9;2;0.775
6;C LM;NEWBY;3034;43.3;1.063;2.6;7.4;3.9;2;0.764
6;C LM;NEWBY;3034.5;43.27;1.06;1.9;7.05;3.7;2;0.753
6;C LM;NEWBY;3035;38.84;1.048;0.3;5.45;3.8;2;0.742
6;C LM;NEWBY;3035.5;35.26;1.04;-1;4.6;4;2;0.73
6;C LM;NEWBY;3036;31.52;1.039;-1;4.4;3.9;2;0.719
6;C LM;NEWBY;3036.5;34.32;1.042;0.4;4.7;3.9;2;0.708
6;C LM;NEWBY;3037;37.35;1.043;1.5;5.65;4;2;0.697
6;C LM;NEWBY;3037.5;39.69;1.035;2.4;6.4;4;2;0.685
6;C LM;NEWBY;3038;43.08;1.024;2.1;7.05;3.9;2;0.674
6;C LM;NEWBY;3038.5;46.27;1.015;1.5;7.15;3.8;2;0.663
6;C LM;NEWBY;3039;47.77;1.009;1;7.4;3.8;2;0.652
6;C LM;NEWBY;3039.5;49.96;1.008;0.3;7.45;3.9;2;0.64
6;C LM;NEWBY;3040;51.09;1.008;1.3;6.65;4;2;0.629
6;C LM;NEWBY;3040.5;50.21;1.007;1.6;5.7;4.1;2;0.618
6;C LM;NEWBY;3041;50.4;1.003;2;5.5;4.1;2;0.607
6;C LM;NEWBY;3041.5;50.99;0.994;3.1;5.75;4.2;2;0.596
6;C LM;NEWBY;3042;49.18;0.973;3.4;6.6;4.2;2;0.584
6;C LM;NEWBY;3042.5;48.64;0.94;4.1;6.85;4.1;2;0.573
6;C LM;NEWBY;3043;47.11;0.909;3.9;7.25;4;2;0.562
6;C LM;NEWBY;3043.5;48.61;0.889;2.9;7.85;3.9;2;0.551
4;C LM;NEWBY;3044;55.32;0.888;3;8.3;3.9;2;0.539
4;C LM;NEWBY;3044.5;60.5;0.907;4.2;9;3.9;2;0.528
6;C LM;NEWBY;3045;69.16;0.939;6.3;9.45;4;2;0.517
6;C LM;NEWBY;3045.5;77.53;0.979;6.6;8;4.2;2;0.506
6;C LM;NEWBY;3046;76.88;1.022;4.3;6.15;4.4;2;0.494
9;C LM;NEWBY;3046.5;70.4;1.064;2.4;4;4.4;2;0.483
9;C LM;NEWBY;3047;63.2;1.101;1.4;2.4;4.3;2;0.472
9;C LM;NEWBY;3047.5;53.89;1.118;-0.4;2.3;4.2;2;0.461
9;C LM;NEWBY;3048;56.2;1.107;-1.2;2.7;4.2;2;0.449
6;C LM;NEWBY;3048.5;78.23;1.074;-0.4;3.1;4.1;2;0.438
6;C LM;NEWBY;3049;112.92;1.022;-0.8;5.1;4.1;2;0.427
6;C LM;NEWBY;3049.5;144.15;0.963;0.4;7.7;4.1;2;0.416
4;C LM;NEWBY;3050;157.21;0.899;4.1;9.95;4.4;2;0.404
5;C LM;NEWBY;3050.5;152.6;0.839;5.6;11.4;4.2;2;0.393
4;C LM;NEWBY;3051;140.93;0.792;6.1;12.25;4.1;2;0.382
4;C LM;NEWBY;3051.5;122.45;0.761;6.6;13.3;4;2;0.371
4;C LM;NEWBY;3052;110.67;0.748;7.5;15.15;3.9;2;0.36
4;C LM;NEWBY;3052.5;108.85;0.754;7.3;15.85;3.6;2;0.348
4;C LM;NEWBY;3053;105.74;0.775;8.5;16.05;3.6;2;0.337
4;C LM;NEWBY;3053.5;100.04;0.803;9.5;16.85;3.7;2;0.326
4;C LM;NEWBY;3054;92.64;0.828;9.5;16.05;3.9;2;0.315
6;C LM;NEWBY;3054.5;80.47;0.841;6.8;12.5;4;2;0.303
6;C LM;NEWBY;3055;66.94;0.838;4;8;4.2;2;0.292
6;C LM;NEWBY;3055.5;54.06;0.823;1.9;5.45;4.3;2;0.281
6;C LM;NEWBY;3056;47.87;0.797;0.7;4.85;4.4;2;0.27
6;C LM;NEWBY;3056.5;49.34;0.763;2.3;4.85;4.1;2;0.258
8;C LM;NEWBY;3057;59.88;0.721;3.2;7.2;3.9;2;0.247